<?xml version="1.0" encoding="UTF-8"?>
<Configuration>
    <Appenders>
       <RollingFile  name="sdb"
		  fileName="../log/sdbserver.log"
		  filePattern="../log/sdbserver.%d{yyyy-MM-dd}.log.gz"
		  ignoreExceptions="false">
			<PatternLayout>
				<Pattern>%d{yyyy-MM-dd HH:mm:ss} %-5p %m%n</Pattern>
			</PatternLayout>
			<Policies>
				<TimeBasedTriggeringPolicy interval="1"/>
			</Policies>
			<DefaultRolloverStrategy max="5" />
		</RollingFile>
        <Console name="STDOUT" target="SYSTEM_OUT">
            <PatternLayout pattern="%level - %m%n"/>
        </Console>        
    </Appenders>
    <Loggers>       
        <Root level="info">
          <AppenderRef ref="sdb"/>
          <AppenderRef ref="STDOUT"/>
        </Root>
    </Loggers>
</Configuration>